信息来源,网站,搜索条件,产品/Product,产品分类/Product Category,规格型号,生产日期/通报编号/Reference,生产企业/Subject,不合格项（标准值）/Substance/Hazard,标准值,检验结果/Analytical Result,单位/Unit,发布单位/Notification from,发布日期/Date of case
中国监督抽查（食品伙伴网）,http://db.foodmate.net/choujian/gncj_show.php?id=79919,小麦粉-生物毒素-全部,雪花粉(小麦粉),粮食及其制品-->小麦粉,10kg/袋,2015-06-09,武山县盛源粮油储备有限公司,脱氧雪腐镰刀菌烯醇,≤ 1000ug/kg,1164ug/kg,,甘肃市场监管局,2015-06-09
中国监督抽查（食品伙伴网）,http://db.foodmate.net/choujian/gncj_show.php?id=81210,小麦粉-生物毒素-全部,翠雪小麦粉,粮食及其制品-->小麦粉,25kg/袋,2015-08-03,伊春市翠峦区新星面粉厂,脱氧雪腐镰刀菌烯醇,≤1000μg/kg,1790μg/kg,,黑龙江市场监管局,2015-08-03
中国监督抽查（食品伙伴网）,http://db.foodmate.net/choujian/gncj_show.php?id=81199,小麦粉-生物毒素-全部,小麦粉,粮食及其制品-->小麦粉,25kg/袋,2015-08-12,安徽双利面业有限公司,脱氧雪腐镰刀菌烯醇,≤1000μg/kg,1791μg/kg,,安徽市场监管局,2015-08-12
中国监督抽查（食品伙伴网）,http://db.foodmate.net/choujian/gncj_show.php?id=81489,小麦粉-生物毒素-全部,小麦粉（鸿庆面粉）,粮食及其制品-->小麦粉,25kg/袋（散装称重）,2015-08-24,绥滨县鸿庆面粉厂,脱氧雪腐镰刀菌烯醇,≤1000μg/kg,1510μg/kg,,黑龙江市场监管局,2015-08-24
中国监督抽查（食品伙伴网）,http://db.foodmate.net/choujian/gncj_show.php?id=103348,小麦粉-生物毒素-全部,小麦粉（特制一等）,粮食及其制品-->小麦粉,25kg/包,2016-04-26,上虞市天丰粮食有限公司,脱氧雪腐镰刀菌烯醇,≤1000μg/kg,1736μg/kg,,浙江市场监管局,2016-04-26
中国监督抽查（食品伙伴网）,http://db.foodmate.net/choujian/gncj_show.php?id=103349,小麦粉-生物毒素-全部,小麦粉（特制二等）,粮食及其制品-->小麦粉,25kg/包,2016-04-26,上虞市天丰粮食有限公司,脱氧雪腐镰刀菌烯醇,≤1000μg/kg,1469μg/kg,,浙江市场监管局,2016-04-26
中国监督抽查（食品伙伴网）,http://db.foodmate.net/choujian/gncj_show.php?id=75281,小麦粉-生物毒素-全部,小麦粉,粮食及其制品-->小麦粉,25kg/袋,2016-04-29,徐州金谷园面粉有限公司,脱氧雪腐镰刀菌烯醇,≤1000μg/kg,1300μg/kg,,江苏市场监管局,2016-04-29
中国监督抽查（食品伙伴网）,http://db.foodmate.net/choujian/gncj_show.php?id=102930,小麦粉-生物毒素-全部,饺子用小麦粉（饺子粉）,粮食及其制品-->小麦粉,1Kg/袋,2016-05-04,上海新欧尚超市有限公司青岛九水店,脱氧雪腐镰刀菌烯醇,≤1000,1960μg/kg,,山东市场监管局,2016-05-04
中国监督抽查（食品伙伴网）,http://db.foodmate.net/choujian/gncj_show.php?id=103461,小麦粉-生物毒素-全部,小麦粉,粮食及其制品-->小麦粉,25kg/袋,2016-05-27,徐州经济技术开发区好来望粮食加工厂,脱氧雪腐镰刀菌烯醇,≤1000μg/kg,1500μg/kg,,江苏市场监管局,2016-05-27
中国监督抽查（食品伙伴网）,http://db.foodmate.net/choujian/gncj_show.php?id=149793,小麦粉-生物毒素-全部,小麦粉,粮食及其制品-->小麦粉,25kg/袋,2016-06-08,郯城新力面粉有限公司,脱氧雪腐镰刀菌烯醇,≤1000μg/kg,2330μg/kg,,山东市场监管局,2016-06-08
中国监督抽查（食品伙伴网）,http://db.foodmate.net/choujian/gncj_show.php?id=149794,小麦粉-生物毒素-全部,小麦粉,粮食及其制品-->小麦粉,25kg/袋,2016-06-08,苍山县昌盛粉业有限公司,脱氧雪腐镰刀菌烯醇,≤1000μg/kg,1806μg/kg,,山东市场监管局,2016-06-08
中国监督抽查（食品伙伴网）,http://db.foodmate.net/choujian/gncj_show.php?id=149986,小麦粉-生物毒素-全部,金孔雀小麦粉,粮食及其制品-->小麦粉,25kg/袋,2016-06-22,徐州金孔雀面粉有限公司,脱氧雪腐镰刀菌烯醇,≤1000μg/kg,1217μg/kg,,江苏市场监管局,2016-06-22
中国监督抽查（食品伙伴网）,http://db.foodmate.net/choujian/gncj_show.php?id=149987,小麦粉-生物毒素-全部,小麦粉,粮食及其制品-->小麦粉,25kg/袋,2016-06-22,铜山区民丰面粉厂,脱氧雪腐镰刀菌烯醇,≤1000μg/kg,1126μg/kg,,江苏市场监管局,2016-06-22
中国监督抽查（食品伙伴网）,http://db.foodmate.net/choujian/gncj_show.php?id=311411,小麦粉-生物毒素-全部,五得利六星910小麦粉,粮食及其制品-->小麦粉,10kg/袋,2016-07-22,宿迁经济技术开发区海歌粮油店,脱氧雪腐镰刀菌烯醇,≤1000μg/kg,3200μg/kg,,江苏市场监管局,2016-07-22
中国监督抽查（食品伙伴网）,http://db.foodmate.net/choujian/gncj_show.php?id=311412,小麦粉-生物毒素-全部,五得利5+1馒头王小麦粉,粮食及其制品-->小麦粉,25kg/袋,2016-07-22,宿迁经济技术开发区海歌粮油店,脱氧雪腐镰刀菌烯醇,≤1000μg/kg,3300μg/kg,,江苏市场监管局,2016-07-22
中国监督抽查（食品伙伴网）,http://db.foodmate.net/choujian/gncj_show.php?id=311413,小麦粉-生物毒素-全部,五得利六星910小麦粉,粮食及其制品-->小麦粉,5kg/袋,2016-07-22,宿迁经济技术开发区海歌粮油店,脱氧雪腐镰刀菌烯醇,≤1000μg/kg,3000μg/kg,,江苏市场监管局,2016-07-22
中国监督抽查（食品伙伴网）,http://db.foodmate.net/choujian/gncj_show.php?id=335409,小麦粉-生物毒素-全部,高筋小麦粉,粮食及其制品-->小麦粉,5KG/袋,2016-08-05,临夏市金海洋商贸有限责任公司,脱氧雪腐镰刀菌烯醇,≤1000μg/kg,1380μg/kg,,甘肃市场监管局,2016-08-05
中国监督抽查（食品伙伴网）,http://db.foodmate.net/choujian/gncj_show.php?id=335559,小麦粉-生物毒素-全部,自发小麦粉,粮食及其制品-->小麦粉,1kg/袋,2016-08-05,万州区沙龙路王非非副食店,脱氧雪腐镰刀菌烯醇,≤1000μg/kg,3500μg/kg,,重庆市场监管局,2016-08-05
中国监督抽查（食品伙伴网）,http://db.foodmate.net/choujian/gncj_show.php?id=335755,小麦粉-生物毒素-全部,小麦粉,粮食及其制品-->小麦粉,25kg/袋,2016-08-17,鱼台县永铭粉业有限责任公司,脱氧雪腐镰刀菌烯醇,≤1000μg/kg,2052μg/kg,,山东市场监管局,2016-08-17
中国监督抽查（食品伙伴网）,http://db.foodmate.net/choujian/gncj_show.php?id=657816,小麦粉-生物毒素-全部,麦芯粉（小麦粉）,粮食及其制品-->小麦粉,1kg/包,2016-11-16,青岛永旺东泰商业有限公司威海购物中心,脱氧雪腐镰刀菌烯醇,≤1000μg/kg,1.7×103μg/kg,,山东市场监管局,2016-11-16
中国监督抽查（食品伙伴网）,http://db.foodmate.net/choujian/gncj_show.php?id=919784,小麦粉-生物毒素-全部,馒头粉（小麦粉）,粮食及其制品-->小麦粉,25kg/包,2017-02-24,益阳市丰扬面业有限公司,脱氧雪腐镰刀菌烯醇,≤1000μg/kg,1762μg/kg,,湖南市场监管局,2017-02-24
中国监督抽查（食品伙伴网）,http://db.foodmate.net/choujian/gncj_show.php?id=1031008,小麦粉-生物毒素-全部,小麦粉（超级特精粉）,粮食及其制品-->小麦粉,2.5kg/袋,2017-04-26,合肥市蜀山区金芳粮油店,脱氧雪腐镰刀菌烯醇,≤1000μg/kg,1800μg/kg,,安徽市场监管局,2017-04-26
中国监督抽查（食品伙伴网）,http://db.foodmate.net/choujian/gncj_show.php?id=1031007,小麦粉-生物毒素-全部,小麦粉,粮食及其制品-->小麦粉,2.5kg/袋,2017-04-26,宣城市宣州区城中粮油店,脱氧雪腐镰刀菌烯醇,≤1000μg/kg,1600μg/kg,,安徽市场监管局,2017-04-26
中国监督抽查（食品伙伴网）,http://db.foodmate.net/choujian/gncj_show.php?id=1031003,小麦粉-生物毒素-全部,通用小麦粉,粮食及其制品-->小麦粉,25kg/袋,2017-04-26,南通市狼山桂华南北货经营部,脱氧雪腐镰刀菌烯醇,≤1000μg/kg,1400μg/kg,,江苏市场监管局,2017-04-26
中国监督抽查（食品伙伴网）,http://db.foodmate.net/choujian/gncj_show.php?id=1031002,小麦粉-生物毒素-全部,通用小麦粉,粮食及其制品-->小麦粉,25kg/袋,2017-04-26,港闸区秤昌水面店,脱氧雪腐镰刀菌烯醇,≤1000μg/kg,1900μg/kg,,江苏市场监管局,2017-04-26
中国监督抽查（食品伙伴网）,http://db.foodmate.net/choujian/gncj_show.php?id=1031001,小麦粉-生物毒素-全部,通用小麦粉,粮食及其制品-->小麦粉,25kg/袋,2017-04-26,港闸区秤昌水面店,脱氧雪腐镰刀菌烯醇,≤1000μg/kg,1800μg/kg,,江苏市场监管局,2017-04-26
中国监督抽查（食品伙伴网）,http://db.foodmate.net/choujian/gncj_show.php?id=1052635,小麦粉-生物毒素-全部,特一粉(小麦粉),粮食及其制品-->小麦粉,25kg/袋,2017-05-09,赵志彬,脱氧雪腐镰刀菌烯醇,≤1000μg/kg,1500μg/kg,,河南市场监管局,2017-05-09
中国监督抽查（食品伙伴网）,http://db.foodmate.net/choujian/gncj_show.php?id=1052637,小麦粉-生物毒素-全部,特精粉(小麦粉),粮食及其制品-->小麦粉,5kg/袋,2017-05-09,郏县向孩购物中心,脱氧雪腐镰刀菌烯醇,≤1000μg/kg,1295μg/kg,,河南市场监管局,2017-05-09
中国监督抽查（食品伙伴网）,http://db.foodmate.net/choujian/gncj_show.php?id=1052769,小麦粉-生物毒素-全部,小麦粉,粮食及其制品-->小麦粉,25kg/袋,2017-05-10,黄山市徽州区老二中中街粮行,脱氧雪腐镰刀菌烯醇,≤1000μg/kg,4400μg/kg,,安徽市场监管局,2017-05-10
中国监督抽查（食品伙伴网）,http://db.foodmate.net/choujian/gncj_show.php?id=1052770,小麦粉-生物毒素-全部,鑫永康美味精制小麦粉,粮食及其制品-->小麦粉,4.5kg/袋,2017-05-10,黄山市徽州区老桥头粮油行,脱氧雪腐镰刀菌烯醇,≤1000μg/kg,2500μg/kg,,安徽市场监管局,2017-05-10
中国监督抽查（食品伙伴网）,http://db.foodmate.net/choujian/gncj_show.php?id=1052793,小麦粉-生物毒素-全部,标准粉（小麦粉）,粮食及其制品-->小麦粉,25kg/袋,2017-05-11,贵阳穗金面业有限公司,脱氧雪腐镰刀菌烯醇,≤1000μg/kg,2510μg/kg,,贵州市场监管局,2017-05-11
中国监督抽查（食品伙伴网）,http://db.foodmate.net/choujian/gncj_show.php?id=1079133,小麦粉-生物毒素-全部,蛋糕用小麦粉,粮食及其制品-->小麦粉,500g/袋,2017-05-31,天猫中仓旗舰店,脱氧雪腐镰刀菌烯醇,≤1000μg/kg,1615μg/kg,,河南市场监管局,2017-05-31
中国监督抽查（食品伙伴网）,http://db.foodmate.net/choujian/gncj_show.php?id=1079134,小麦粉-生物毒素-全部,酥性饼干用小麦粉,粮食及其制品-->小麦粉,500g/袋,2017-05-31,天猫中仓旗舰店,脱氧雪腐镰刀菌烯醇,≤1000μg/kg,1677μg/kg,,河南市场监管局,2017-05-31
中国监督抽查（食品伙伴网）,http://db.foodmate.net/choujian/gncj_show.php?id=1112735,小麦粉-生物毒素-全部,通用小麦粉,粮食及其制品-->小麦粉,散装称重,2017-06-30,重庆清白面业有限责任公司,脱氧雪腐镰刀菌烯醇,≤1000μg/kg,1300μg/kg,,重庆市场监管局,2017-06-30
中国监督抽查（食品伙伴网）,http://db.foodmate.net/choujian/gncj_show.php?id=1119741,小麦粉-生物毒素-全部,超级粉（小麦粉）,粮食及其制品-->小麦粉,25kg/袋,2017-07-12,南通顺发面粉有限公司分公司,脱氧雪腐镰刀菌烯醇,≤1000μg/kg,2314μg/kg,,江苏市场监管局,2017-07-12
中国监督抽查（食品伙伴网）,http://db.foodmate.net/choujian/gncj_show.php?id=1119742,小麦粉-生物毒素-全部,小麦粉,粮食及其制品-->小麦粉,25kg/袋,2017-07-12,镇江市富华面粉有限公司,脱氧雪腐镰刀菌烯醇,≤1000μg/kg,2031μg/kg,,江苏市场监管局,2017-07-12
中国监督抽查（食品伙伴网）,http://db.foodmate.net/choujian/gncj_show.php?id=1119768,小麦粉-生物毒素-全部,中筋粉（小麦粉）,粮食及其制品-->小麦粉,950g/袋,2017-07-13,武汉汉福超市有限公司洪山广场分公司,脱氧雪腐镰刀菌烯醇,≤1000μg/kg,1307.8μg/kg,,湖北市场监管局,2017-07-13
中国监督抽查（食品伙伴网）,http://db.foodmate.net/choujian/gncj_show.php?id=1119769,小麦粉-生物毒素-全部,七姊高筋小麦粉（高筋面粉）,粮食及其制品-->小麦粉,950g/袋,2017-07-13,武汉汉福超市有限公司洪山广场分公司,脱氧雪腐镰刀菌烯醇,≤1000μg/kg,1845.2μg/kg,,湖北市场监管局,2017-07-13
中国监督抽查（食品伙伴网）,http://db.foodmate.net/choujian/gncj_show.php?id=1142190,小麦粉-生物毒素-全部,小麦粉,粮食及其制品-->小麦粉,25kg/袋,2017-07-26,丹阳市祥云面粉有限公司,脱氧雪腐镰刀菌烯醇,≤1000,1870μg/kg,,江苏市场监管局,2017-07-26
中国监督抽查（食品伙伴网）,http://db.foodmate.net/choujian/gncj_show.php?id=1142191,小麦粉-生物毒素-全部,雪花粉（小麦粉）,粮食及其制品-->小麦粉,25kg/袋,2017-07-26,沭阳金麦粮业有限公司,脱氧雪腐镰刀菌烯醇,≤1000,2329μg/kg,,江苏市场监管局,2017-07-26
中国监督抽查（食品伙伴网）,http://db.foodmate.net/choujian/gncj_show.php?id=1142362,小麦粉-生物毒素-全部,小麦粉（通用）,粮食及其制品-->小麦粉,25kg/袋,2017-08-03,京山县金玉麦面有限公司,脱氧雪腐镰刀菌烯醇,≤1000μg/kg,2437.7μg/kg,,湖北市场监管局,2017-08-03
中国监督抽查（食品伙伴网）,http://db.foodmate.net/choujian/gncj_show.php?id=1142474,小麦粉-生物毒素-全部,超级粉（小麦粉）,粮食及其制品-->小麦粉,25kg/袋,2017-08-09,宿迁市洋河新区蓝天面粉厂,脱氧雪腐镰刀菌烯醇,≤1000,1642μg/kg,,江苏市场监管局,2017-08-09
中国监督抽查（食品伙伴网）,http://db.foodmate.net/choujian/gncj_show.php?id=1142475,小麦粉-生物毒素-全部,超级特精粉（小麦粉）,粮食及其制品-->小麦粉,25kg/袋,2017-08-09,宿迁市洋河新区洋河白雪面粉加工厂,脱氧雪腐镰刀菌烯醇,≤1000,2013μg/kg,,江苏市场监管局,2017-08-09
中国监督抽查（食品伙伴网）,http://db.foodmate.net/choujian/gncj_show.php?id=1142757,小麦粉-生物毒素-全部,超级高筋粉（小麦粉）,粮食及其制品-->小麦粉,25kg/袋,2017-08-23,宿迁市迎绿面粉有限公司,脱氧雪腐镰刀菌烯醇,≤1000,1894μg/kg,,江苏市场监管局,2017-08-23
中国监督抽查（食品伙伴网）,http://db.foodmate.net/choujian/gncj_show.php?id=1142758,小麦粉-生物毒素-全部,小麦粉,粮食及其制品-->小麦粉,25kg/袋,2017-08-23,常州市晨泰粮油购销有限公司,脱氧雪腐镰刀菌烯醇,≤1000,1735μg/kg,,江苏市场监管局,2017-08-23
中国监督抽查（食品伙伴网）,http://db.foodmate.net/choujian/gncj_show.php?id=1142759,小麦粉-生物毒素-全部,特一粉（小麦粉）,粮食及其制品-->小麦粉,25kg/袋,2017-08-23,沭阳众鑫福粮业有限公司,脱氧雪腐镰刀菌烯醇,≤1000,1820μg/kg,,江苏市场监管局,2017-08-23
中国监督抽查（食品伙伴网）,http://db.foodmate.net/choujian/gncj_show.php?id=1158165,小麦粉-生物毒素-全部,精制小麦粉,粮食及其制品-->小麦粉,25kg/袋,2017-08-31,中国石化集团江汉石油管理局农林处粮油食品加工厂,脱氧雪腐镰刀菌烯醇,≤1000μg/kg,2524.8μg/kg,,湖北市场监管局,2017-08-31
中国监督抽查（食品伙伴网）,http://db.foodmate.net/choujian/gncj_show.php?id=1158166,小麦粉-生物毒素-全部,特一粉（小麦粉）,粮食及其制品-->小麦粉,25kg/袋,2017-08-31,钟祥市阳春白雪粮油有限公司,脱氧雪腐镰刀菌烯醇,≤1000μg/kg,2543.4μg/kg,,湖北市场监管局,2017-08-31
中国监督抽查（食品伙伴网）,http://db.foodmate.net/choujian/gncj_show.php?id=1158167,小麦粉-生物毒素-全部,精制粉（小麦粉）,粮食及其制品-->小麦粉,5kg/袋,2017-08-31,钟祥市阳春白雪粮油有限公司,脱氧雪腐镰刀菌烯醇,≤1000μg/kg,2642.4μg/kg,,湖北市场监管局,2017-08-31
中国监督抽查（食品伙伴网）,http://db.foodmate.net/choujian/gncj_show.php?id=1158168,小麦粉-生物毒素-全部,精粉（小麦粉）,粮食及其制品-->小麦粉,25kg/袋,2017-08-31,钟祥市济明面业有限公司,脱氧雪腐镰刀菌烯醇,≤1000μg/kg,2057.8μg/kg,,湖北市场监管局,2017-08-31
中国监督抽查（食品伙伴网）,http://db.foodmate.net/choujian/gncj_show.php?id=1171365,小麦粉-生物毒素-全部,自发小麦粉,粮食及其制品-->小麦粉,净含量：1kg,2017-09-08,重庆市万州区福意百货有限公司王牌路分店,脱氧雪腐镰刀菌烯醇,≤1000μg/kg,3071μg/kg,,重庆市场监管局,2017-09-08
中国监督抽查（食品伙伴网）,http://db.foodmate.net/choujian/gncj_show.php?id=1171958,小麦粉-生物毒素-全部,低筋小麦粉,粮食及其制品-->小麦粉,2.5kg/袋,2017-09-20,上海越盛贸易有限公司,脱氧雪腐镰刀菌烯醇,≤1000μg/kg,1.22×10,,上海市场监管局,2017-09-20
中国监督抽查（食品伙伴网）,http://db.foodmate.net/choujian/gncj_show.php?id=1217550,小麦粉-生物毒素-全部,高级麦芯粉（小麦粉）,粮食及其制品-->小麦粉,1千克/袋,2017-10-25,上海新欧尚超市有限公司蒙山北路店,脱氧雪腐镰刀菌烯醇,≤1000μg/kg,2.71×10,,上海市场监管局,2017-10-25
中国监督抽查（食品伙伴网）,http://db.foodmate.net/choujian/gncj_show.php?id=1219821,小麦粉-生物毒素-全部,世民精制小麦粉,粮食及其制品-->小麦粉,25kg/袋,2017-11-02,荆州市世民面业有限公司,脱氧雪腐镰刀菌烯醇,≤1000μg/kg,1665μg/kg,,湖北市场监管局,2017-11-02
中国监督抽查（食品伙伴网）,http://db.foodmate.net/choujian/gncj_show.php?id=1231640,小麦粉-生物毒素-全部,开粮特二粉（小麦粉）,粮食及其制品-->小麦粉,25kg/袋,2017-11-08,开封雪花面业有限公司,脱氧雪腐镰刀菌烯醇,≤1000μg/kg,1522μg/kg,,河南市场监管局,2017-11-08
中国监督抽查（食品伙伴网）,http://db.foodmate.net/choujian/gncj_show.php?id=1231641,小麦粉-生物毒素-全部,莲花小麦粉（麦芯粉）,粮食及其制品-->小麦粉,10千克/袋,2017-11-08,河南万果园实业集团有限公司万果园生活广场三店,脱氧雪腐镰刀菌烯醇,≤1000μg/kg,1546μg/kg,,河南市场监管局,2017-11-08
中国监督抽查（食品伙伴网）,http://db.foodmate.net/choujian/gncj_show.php?id=1231807,小麦粉-生物毒素-全部,福源特一粉（小麦粉）,粮食及其制品-->小麦粉,25kg/袋,2017-11-09,当阳市福源麦面有限公司,脱氧雪腐镰刀菌烯醇,≤1000μg/kg,4495μg/kg,,湖北市场监管局,2017-11-09
中国监督抽查（食品伙伴网）,http://db.foodmate.net/choujian/gncj_show.php?id=1245120,小麦粉-生物毒素-全部,小麦粉,粮食及其制品-->小麦粉,25kg,2017-11-15,南阳市宛城区恒运面粉厂,脱氧雪腐镰刀菌烯醇,≤1000μg/kg,1195μg/kg,,河南市场监管局,2017-11-15
中国监督抽查（食品伙伴网）,http://db.foodmate.net/choujian/gncj_show.php?id=1245121,小麦粉-生物毒素-全部,小麦粉,粮食及其制品-->小麦粉,25kg,2017-11-15,南阳市宛城区恒运面粉厂,脱氧雪腐镰刀菌烯醇,≤1000μg/kg,1114μg/kg,,河南市场监管局,2017-11-15
中国监督抽查（食品伙伴网）,http://db.foodmate.net/choujian/gncj_show.php?id=1245123,小麦粉-生物毒素-全部,小麦粉,粮食及其制品-->小麦粉,25kg/袋,2017-11-15,鹿邑县豫鑫食品有限公司,脱氧雪腐镰刀菌烯醇,≤1000μg/kg,1045μg/kg,,河南市场监管局,2017-11-15
中国监督抽查（食品伙伴网）,http://db.foodmate.net/choujian/gncj_show.php?id=1245156,小麦粉-生物毒素-全部,小麦粉,粮食及其制品-->小麦粉,25kg/袋,2017-11-16,荆门市五三隆鑫面业有限公司,脱氧雪腐镰刀菌烯醇,≤1000μg/kg,1994μg/kg,,湖北市场监管局,2017-11-16
中国监督抽查（食品伙伴网）,http://db.foodmate.net/choujian/gncj_show.php?id=1364028,小麦粉-生物毒素-全部,爱定富强小麦粉（杂粮面粉）,粮食及其制品-->其他类,1kg/袋,2017-12-13,常山金佰汇超市有限公司开化分公司,脱氧雪腐镰刀菌烯醇,≤1000μg/kg,1782 μg/kg,,浙江市场监管局,2017-12-13
中国监督抽查（食品伙伴网）,http://db.foodmate.net/choujian/gncj_show.php?id=1364029,小麦粉-生物毒素-全部,爱定自发玉米小麦粉（自发小麦杂粮粉）,粮食及其制品-->其他类,1kg/袋,2017-12-13,常山金佰汇超市有限公司开化分公司,脱氧雪腐镰刀菌烯醇,≤1000μg/kg,1629 μg/kg,,浙江市场监管局,2017-12-13
中国监督抽查（食品伙伴网）,http://db.foodmate.net/choujian/gncj_show.php?id=1364030,小麦粉-生物毒素-全部,爱定自发全麦小麦粉（自发小麦杂粮粉）,粮食及其制品-->其他类,1kg/袋,2017-12-13,常山金佰汇超市有限公司开化分公司,脱氧雪腐镰刀菌烯醇,≤1000μg/kg,1637 μg/kg,,浙江市场监管局,2017-12-13
中国监督抽查（食品伙伴网）,http://db.foodmate.net/choujian/gncj_show.php?id=1328842,小麦粉-生物毒素-全部,石磨面粉石磨麦芯高筋粉（小麦粉）,粮食及其制品-->小麦粉,2.5千克/袋,2017-12-20,山东花王粮油集团有限公司,赭曲霉毒素A,"≤5.0 
μg/kg",31.4 μg/kg,,山东市场监管局,2017-12-20
中国监督抽查（食品伙伴网）,http://db.foodmate.net/choujian/gncj_show.php?id=1363954,小麦粉-生物毒素-全部,自发小麦粉,粮食及其制品-->小麦粉,1kg/袋,2018-01-05,重庆市万州区福意百货有限公司王牌路分店,脱氧雪腐镰刀菌烯醇,≤1000μg/kg,3400μg/kg,,重庆市场监管局,2018-01-05
中国监督抽查（食品伙伴网）,http://db.foodmate.net/choujian/gncj_show.php?id=1363955,小麦粉-生物毒素-全部,小麦粉,粮食及其制品-->小麦粉,25kg/袋,2018-01-05,重庆市百安粮油食品工业有限公司,玉米赤霉烯酮,≤60μg/kg,90.8μg/kg,,重庆市场监管局,2018-01-05
中国监督抽查（食品伙伴网）,http://db.foodmate.net/choujian/gncj_show.php?id=1621631,小麦粉-生物毒素-全部,小麦粉,粮食及其制品-->小麦粉,1kg/袋,2018-02-12,北京华联综合超市股份有限公司包头文化路分公司,赭曲霉毒素A,5μg/kg,7.4μg/kg,,内蒙古市场监管局,2018-02-12
中国监督抽查（食品伙伴网）,http://db.foodmate.net/choujian/gncj_show.php?id=1758640,小麦粉-生物毒素-全部,云龙麦心粉(小麦粉）,粮食及其制品-->小麦粉,2kg/袋,2018-04-25,滁州开发区云购超市,脱氧雪腐镰刀菌烯醇,≤1000μg/kg,1550μg/kg,,安徽市场监管局,2018-04-25
中国监督抽查（食品伙伴网）,http://db.foodmate.net/choujian/gncj_show.php?id=1784037,小麦粉-生物毒素-全部,七姊自发小麦粉（自发小麦粉）,粮食及其制品-->小麦粉,908克/袋,2018-05-16,西亚和美商业股份有限公司光山丽宝广场,脱氧雪腐镰刀菌烯醇,≤1000μg/kg,1.72×10,,河南市场监管局,2018-05-16
中国监督抽查（食品伙伴网）,http://db.foodmate.net/choujian/gncj_show.php?id=1820462,小麦粉-生物毒素-全部,小麦粉,粮食及其制品-->小麦粉,1kg/袋,2018-06-05,北京华联综合超市股份有限公司包头文化路分公司,赭曲霉毒素A,1μg/kg,7.4μg/kg,,内蒙古市场监管局,2018-06-05
中国监督抽查（食品伙伴网）,http://db.foodmate.net/choujian/gncj_show.php?id=1816809,小麦粉-生物毒素-全部,小麦粉（通用）,粮食及其制品-->小麦粉,25kg/袋,2018-06-06,天宁区茶山伍远斌生面加工坊,脱氧雪腐镰刀菌烯醇,≤1000μg/kg,1338μg/kg,,江苏市场监管局,2018-06-06
中国监督抽查（食品伙伴网）,http://db.foodmate.net/choujian/gncj_show.php?id=1936659,小麦粉-生物毒素-全部,特制二等粉（小麦粉）,粮食及其制品-->小麦粉,25kg/袋,2018-07-11,武进区湖塘光元粮油生面店,脱氧雪腐镰刀菌烯醇,≤1000μg/kg,1452 μg/kg,,江苏市场监管局,2018-07-11
中国监督抽查（食品伙伴网）,http://db.foodmate.net/choujian/gncj_show.php?id=1936658,小麦粉-生物毒素-全部,特制一等粉（小麦粉）,粮食及其制品-->小麦粉,25kg/袋,2018-07-11,武进区湖塘光元粮油生面店,脱氧雪腐镰刀菌烯醇,≤1000μg/kg,1284 μg/kg,,江苏市场监管局,2018-07-11
中国监督抽查（食品伙伴网）,http://db.foodmate.net/choujian/gncj_show.php?id=1936611,小麦粉-生物毒素-全部,超级雪花粉（小麦粉）,粮食及其制品-->小麦粉,2.5kg/袋,2018-07-12,京山盛益麦面有限公司,脱氧雪腐镰刀菌烯醇,≤1000μg/kg,1.71×10,,湖北市场监管局,2018-07-12
中国监督抽查（食品伙伴网）,http://db.foodmate.net/choujian/gncj_show.php?id=1936610,小麦粉-生物毒素-全部,盛益隆超级雪花粉（小麦粉）,粮食及其制品-->小麦粉,5kg/袋,2018-07-12,京山盛益麦面有限公司,脱氧雪腐镰刀菌烯醇,≤1000μg/kg,1.26×10,,湖北市场监管局,2018-07-12
中国监督抽查（食品伙伴网）,http://db.foodmate.net/choujian/gncj_show.php?id=1936609,小麦粉-生物毒素-全部,小麦粉（通用）,粮食及其制品-->小麦粉,25kg/袋,2018-07-12,京山盛益麦面有限公司,脱氧雪腐镰刀菌烯醇,≤1000μg/kg,1.68×10,,湖北市场监管局,2018-07-12
中国监督抽查（食品伙伴网）,http://db.foodmate.net/choujian/gncj_show.php?id=1957418,小麦粉-生物毒素-全部,小麦粉,粮食及其制品-->小麦粉,2.5kg/袋,2018-07-25,常州市欣怡华商贸有限公司湖塘店,脱氧雪腐镰刀菌烯醇,≤1000μg/kg,1740 μg/kg,,江苏市场监管局,2018-07-25
中国监督抽查（食品伙伴网）,http://db.foodmate.net/choujian/gncj_show.php?id=1957419,小麦粉-生物毒素-全部,小麦粉,粮食及其制品-->小麦粉,5kg/袋,2018-07-25,常州市欣怡华商贸有限公司湖塘店,脱氧雪腐镰刀菌烯醇,≤1000μg/kg,1856μg/kg,,江苏市场监管局,2018-07-25
中国监督抽查（食品伙伴网）,http://db.foodmate.net/choujian/gncj_show.php?id=1960720,小麦粉-生物毒素-全部,精制小麦粉,粮食及其制品-->小麦粉,25kg/袋,2018-07-26,荆州市世民面业有限公司,脱氧雪腐镰刀菌烯醇,≤1000μg/kg,2.20×103μg/kg,,湖北市场监管局,2018-07-26
中国监督抽查（食品伙伴网）,http://db.foodmate.net/choujian/gncj_show.php?id=1991243,小麦粉-生物毒素-全部,小麦粉,粮食及其制品-->小麦粉,10kg/袋,2018-08-08,新沂市新安镇张鹏粮油门市,脱氧雪腐镰刀菌烯醇,≤1000μg/kg,1597μg/kg,,江苏市场监管局,2018-08-08
中国监督抽查（食品伙伴网）,http://db.foodmate.net/choujian/gncj_show.php?id=2020552,小麦粉-生物毒素-全部,小麦粉,粮食及其制品-->小麦粉,25kg/袋,2018-08-22,常州市凌家塘田丰食品添加剂经营部,脱氧雪腐镰刀菌烯醇,≤1000μg/kg,1406 μg/kg,,江苏市场监管局,2018-08-22
中国监督抽查（食品伙伴网）,http://db.foodmate.net/choujian/gncj_show.php?id=2070934,小麦粉-生物毒素-全部,原味粉(小麦粉),粮食及其制品-->小麦粉,5kg/袋,2018-09-12,沭阳县沭城张卫亮食品经营部,脱氧雪腐镰刀菌烯醇,≤1000μg/kg,1320μg/kg,,江苏市场监管局,2018-09-12
中国监督抽查（食品伙伴网）,http://db.foodmate.net/choujian/gncj_show.php?id=2070982,小麦粉-生物毒素-全部,小麦粉,粮食及其制品-->小麦粉,25kg/袋,2018-09-12,淮南市邦泰粮油食品有限公司,脱氧雪腐镰刀菌烯醇,≤1000μg/kg,2510μg/kg,,安徽市场监管局,2018-09-12
中国监督抽查（食品伙伴网）,http://db.foodmate.net/choujian/gncj_show.php?id=2092505,小麦粉-生物毒素-全部,包点粉（小麦粉）,粮食及其制品-->小麦粉,25kg/袋,2018-09-19,淮南市邦泰粮油食品有限公司,脱氧雪腐镰刀菌烯醇,≤1000μg/kg,2740μg/kg,,安徽市场监管局,2018-09-19
中国监督抽查（食品伙伴网）,http://db.foodmate.net/choujian/gncj_show.php?id=2128251,小麦粉-生物毒素-全部,永兴牌小麦粉,粮食及其制品-->小麦粉,25kg/袋,2018-10-10,灵璧县永兴面业有限公司,脱氧雪腐镰刀菌烯醇,≤1000μg/kg,3990μg/kg,,安徽市场监管局,2018-10-10
中国监督抽查（食品伙伴网）,http://db.foodmate.net/choujian/gncj_show.php?id=2147988,小麦粉-生物毒素-全部,馒头粉小麦粉,粮食及其制品-->小麦粉,25kg/袋,2018-10-17,安徽大淮面粉加工有限公司,脱氧雪腐镰刀菌烯醇,≤1000μg/kg,1840μg/kg,,安徽市场监管局,2018-10-17
中国监督抽查（食品伙伴网）,http://db.foodmate.net/choujian/gncj_show.php?id=2195279,小麦粉-生物毒素-全部,小麦粉,粮食及其制品-->小麦粉,5kg/袋,2018-11-07,宿迁市雪龙面业有限公司,脱氧雪腐镰刀菌烯醇,≤1000μg/kg,1380μg/kg,,江苏市场监管局,2018-11-07
中国监督抽查（食品伙伴网）,http://db.foodmate.net/choujian/gncj_show.php?id=2204140,小麦粉-生物毒素-全部,小麦粉（高档雪花粉）,粮食及其制品-->小麦粉,2.5千克/袋,2018-11-07,无为县无城张秀兰食品店,脱氧雪腐镰刀菌烯醇,≤1000μg/kg,3060μg/kg,,安徽市场监管局,2018-11-07
中国监督抽查（食品伙伴网）,http://db.foodmate.net/choujian/gncj_show.php?id=2204139,小麦粉-生物毒素-全部,小麦粉（超级特精粉）,粮食及其制品-->小麦粉,2.5kg/袋,2018-11-07,无为县惠万家超市,脱氧雪腐镰刀菌烯醇,≤1000μg/kg,3490μg/kg,,安徽市场监管局,2018-11-07
中国监督抽查（食品伙伴网）,http://db.foodmate.net/choujian/gncj_show.php?id=2243045,小麦粉-生物毒素-全部,小麦粉,粮食及其制品-->小麦粉,10kg/袋,2018-11-21,新沂市联华快乐买购物中心,脱氧雪腐镰刀菌烯醇,≤1000 μg/kg,1694μg/kg,,江苏市场监管局,2018-11-21
中国监督抽查（食品伙伴网）,http://db.foodmate.net/choujian/gncj_show.php?id=2301090,小麦粉-生物毒素-全部,超级雪花粉（通用小麦粉）,粮食及其制品-->小麦粉,25kg/袋,2018-12-05,新沂市唐店姚致食品经营部,脱氧雪腐镰刀菌烯醇,≤1000 μg/kg,2113μg/kg,,江苏市场监管局,2018-12-05
中国监督抽查（食品伙伴网）,http://db.foodmate.net/choujian/gncj_show.php?id=2301089,小麦粉-生物毒素-全部,麦芯粉（小麦粉）,粮食及其制品-->小麦粉,5kg/袋,2018-12-05,新沂市易买得生活用品购物中心,脱氧雪腐镰刀菌烯醇,≤1000 μg/kg,1255μg/kg,,江苏市场监管局,2018-12-05
中国监督抽查（食品伙伴网）,http://db.foodmate.net/choujian/gncj_show.php?id=2314933,小麦粉-生物毒素-全部,小麦粉,粮食及其制品-->小麦粉,5kg/袋,2018-12-12,河南大张实业有限公司吉利分公司,脱氧雪腐镰刀菌烯醇,≤1000μg/kg,2.56×10³μg/kg,,河南市场监管局,2018-12-12
中国监督抽查（食品伙伴网）,http://db.foodmate.net/choujian/gncj_show.php?id=2314925,小麦粉-生物毒素-全部,雪莲系列面粉原麦精粉小麦粉,粮食及其制品-->小麦粉,5kg/袋,2018-12-12,渑池县鸿泰量贩鸿泰购物广场,脱氧雪腐镰刀菌烯醇,≤1000μg/kg,4.54×10,,河南市场监管局,2018-12-12
中国监督抽查（食品伙伴网）,http://db.foodmate.net/choujian/gncj_show.php?id=2314950,小麦粉-生物毒素-全部,小麦粉,粮食及其制品-->小麦粉,5kg/袋,2018-12-12,河南大张实业有限公司吉利分公司,脱氧雪腐镰刀菌烯醇,≤1000μg/kg,2.46×10³μg/kg,,河南市场监管局,2018-12-12
中国监督抽查（食品伙伴网）,http://db.foodmate.net/choujian/gncj_show.php?id=2315047,小麦粉-生物毒素-全部,面粉（小麦粉）,粮食及其制品-->小麦粉,5kg/袋,2018-12-14,新沂市高流镇李伟粮油门市,脱氧雪腐镰刀菌烯醇,≤1000μg/kg,1201μg/kg,,江苏市场监管局,2018-12-14
中国监督抽查（食品伙伴网）,http://db.foodmate.net/choujian/gncj_show.php?id=2336588,小麦粉-生物毒素-全部,小麦粉,粮食及其制品-->小麦粉,10kg/袋,2018-12-19,平顶山市大徳源实业有限公司湛河分公司,脱氧雪腐镰刀菌烯醇,≤1000μg/kg,1.36×10,,河南市场监管局,2018-12-19
中国监督抽查（食品伙伴网）,http://db.foodmate.net/choujian/gncj_show.php?id=2336587,小麦粉-生物毒素-全部,小麦粉,粮食及其制品-->小麦粉,10kg/袋,2018-12-19,平顶山市大徳源实业有限公司湛河分公司,脱氧雪腐镰刀菌烯醇,≤1000μg/kg,1.19×10,,河南市场监管局,2018-12-19
中国监督抽查（食品伙伴网）,http://db.foodmate.net/choujian/gncj_show.php?id=2356410,小麦粉-生物毒素-全部,特精粉（小麦粉）,粮食及其制品-->小麦粉,25kg/袋,2018-12-21,新沂市好又多百货超市唐店名吃城店,脱氧雪腐镰刀菌烯醇,≤1000 μg/kg,1302 μg/kg,,江苏市场监管局,2018-12-21
中国监督抽查（食品伙伴网）,http://db.foodmate.net/choujian/gncj_show.php?id=2356441,小麦粉-生物毒素-全部,小麦粉,粮食及其制品-->小麦粉,5kg/袋,2018-12-26,驻马店市中凯润发商贸有限公司,脱氧雪腐镰刀菌烯醇,≤1000μg/kg,1.56×10,,河南市场监管局,2018-12-26
中国监督抽查（食品伙伴网）,http://db.foodmate.net/choujian/gncj_show.php?id=2356428,小麦粉-生物毒素-全部,小麦粉,粮食及其制品-->小麦粉,5kg/袋,2018-12-26,永城市聚客隆百货有限公司文化路分公司,脱氧雪腐镰刀菌烯醇,≤1000μg/kg,1.34×10,,河南市场监管局,2018-12-26
中国监督抽查（食品伙伴网）,http://db.foodmate.net/choujian/gncj_show.php?id=2356442,小麦粉-生物毒素-全部,小麦粉,粮食及其制品-->小麦粉,5kg/袋,2018-12-26,驻马店市中凯润发商贸有限公司,脱氧雪腐镰刀菌烯醇,≤1000μg/kg,1.94×10,,河南市场监管局,2018-12-26
中国监督抽查（食品伙伴网）,http://db.foodmate.net/choujian/gncj_show.php?id=2360495,小麦粉-生物毒素-全部,小麦粉,粮食及其制品-->小麦粉,5kg/袋,2018-12-29,河南大张实业有限公司纱西店,脱氧雪腐镰刀菌烯醇,≤1000μg/kg,1.66×10,,河南市场监管局,2018-12-29
中国监督抽查（食品伙伴网）,http://db.foodmate.net/choujian/gncj_show.php?id=2360480,小麦粉-生物毒素-全部,小麦粉,粮食及其制品-->小麦粉,5KG/袋,2018-12-29,信阳五福实业有限责任公司,脱氧雪腐镰刀菌烯醇,≤1000μg/kg,1.56×10,,河南市场监管局,2018-12-29
中国监督抽查（食品伙伴网）,http://db.foodmate.net/choujian/gncj_show.php?id=2360469,小麦粉-生物毒素-全部,小麦粉(通用),粮食及其制品-->小麦粉,5kg/袋,2018-12-29,信阳新玛特购物休闲广场有限公司,脱氧雪腐镰刀菌烯醇,≤1000μg/kg,1.44×10,,河南市场监管局,2018-12-29
中国监督抽查（食品伙伴网）,http://db.foodmate.net/choujian/gncj_show.php?id=2525928,小麦粉-生物毒素-全部,自发小麦粉,粮食及其制品-->小麦粉,2kg/袋,2019-01-11,丰都县海秋食品有限公司,脱氧雪腐镰刀菌烯醇,≤1000	μg/kg,1620	μg/kg,,重庆市场监管局,2019-01-11
中国监督抽查（食品伙伴网）,http://db.foodmate.net/choujian/gncj_show.php?id=2525927,小麦粉-生物毒素-全部,自发小麦粉,粮食及其制品-->小麦粉,1.9kg/袋,2019-01-11,丰都县叶氏食品有限公司,脱氧雪腐镰刀菌烯醇,≤1000	μg/kg,1.49×10³	μg/kg,,重庆市场监管局,2019-01-11
中国监督抽查（食品伙伴网）,http://db.foodmate.net/choujian/gncj_show.php?id=2543170,小麦粉-生物毒素-全部,小麦粉,粮食及其制品-->小麦粉,25kg/袋,2019-01-23,洛阳天意面业有限公司,脱氧雪腐镰刀菌烯醇,≤1000μg/kg,1599μg/kg,,河南市场监管局,2019-01-23
中国监督抽查（食品伙伴网）,http://db.foodmate.net/choujian/gncj_show.php?id=2543178,小麦粉-生物毒素-全部,勤生小麦粉,粮食及其制品-->小麦粉,10kg/袋,2019-01-23,驻马店市万佳商贸有限公司,脱氧雪腐镰刀菌烯醇,≤1000μg/kg,2.38×103μg/kg,,河南市场监管局,2019-01-23
中国监督抽查（食品伙伴网）,http://db.foodmate.net/choujian/gncj_show.php?id=2566069,小麦粉-生物毒素-全部,小麦粉,粮食及其制品-->小麦粉,5kg/袋,2019-01-30,永城市聚客隆百货有限公司文化路分公司,脱氧雪腐镰刀菌烯醇,≤1000μg/kg,1.13×10,,河南市场监管局,2019-01-30
中国监督抽查（食品伙伴网）,http://db.foodmate.net/choujian/gncj_show.php?id=2566068,小麦粉-生物毒素-全部,小麦粉,粮食及其制品-->小麦粉,5kg/袋,2019-01-30,永城市聚客隆百货有限公司文化路分公司,脱氧雪腐镰刀菌烯醇,≤1000μg/kg,1.14×10,,河南市场监管局,2019-01-30
中国监督抽查（食品伙伴网）,http://db.foodmate.net/choujian/gncj_show.php?id=2591806,小麦粉-生物毒素-全部,小麦粉,粮食及其制品-->小麦粉,5kg/袋,2019-02-20,驻马店市中凯润发商贸有限公司,脱氧雪腐镰刀菌烯醇,≤1000μg/kg,1.48×10³μg/kg,,河南市场监管局,2019-02-20
中国监督抽查（食品伙伴网）,http://db.foodmate.net/choujian/gncj_show.php?id=2591809,小麦粉-生物毒素-全部,小麦粉,粮食及其制品-->小麦粉,5kg/袋,2019-02-20,驻马店市华联超市有限公司华联生活广场,脱氧雪腐镰刀菌烯醇,≤1000μg/kg,2.27×10³μg/kg,,河南市场监管局,2019-02-20
中国监督抽查（食品伙伴网）,http://db.foodmate.net/choujian/gncj_show.php?id=2592794,小麦粉-生物毒素-全部,自发小麦粉,粮食及其制品-->小麦粉,1.25千克/袋,2019-02-22,贵州乐福商业有限公司,脱氧雪腐镰刀菌烯醇,≤1000μg/kg,2094μg/kg,,国家市场监管总局,2019-02-22
中国监督抽查（食品伙伴网）,http://db.foodmate.net/choujian/gncj_show.php?id=2612457,小麦粉-生物毒素-全部,小麦粉（超级特精粉）,粮食及其制品-->小麦粉,25kg/袋,2019-03-06,遂平常兴面业有限公司,脱氧雪腐镰刀菌烯醇,≤1000μg/kg,1120μg/kg,,河南市场监管局,2019-03-06
中国监督抽查（食品伙伴网）,http://db.foodmate.net/choujian/gncj_show.php?id=2627742,小麦粉-生物毒素-全部,超级粉王（小麦粉）,粮食及其制品-->小麦粉,25kg/袋,2019-03-12,唐河县御龙面业有限公司,脱氧雪腐镰刀菌烯醇,≤1000μg/kg,2040μg/kg,,河南市场监管局,2019-03-12
中国监督抽查（食品伙伴网）,http://db.foodmate.net/choujian/gncj_show.php?id=2633839,小麦粉-生物毒素-全部,小麦粉,粮食及其制品-->小麦粉,2.5kg/袋,2019-03-20,南阳市万德隆商贸有限责任公司张衡路分公司,脱氧雪腐镰刀菌烯醇,≤1000μg/kg,3.48×10,,河南市场监管局,2019-03-20
中国监督抽查（食品伙伴网）,http://db.foodmate.net/choujian/gncj_show.php?id=2633853,小麦粉-生物毒素-全部,麦香粉（小麦粉）,粮食及其制品-->小麦粉,10kg/袋,2019-03-20,唐河县御龙面业有限公司,脱氧雪腐镰刀菌烯醇,≤1000μg/kg,1890μg/kg,,河南市场监管局,2019-03-20
中国监督抽查（食品伙伴网）,http://db.foodmate.net/choujian/gncj_show.php?id=2640166,小麦粉-生物毒素-全部,特制一等粉（小麦粉）,粮食及其制品-->小麦粉,25kg/袋,2019-03-25,唐河县苍台面粉厂,脱氧雪腐镰刀菌烯醇,≤1000μg/kg,1220μg/kg,,河南市场监管局,2019-03-25
中国监督抽查（食品伙伴网）,http://db.foodmate.net/choujian/gncj_show.php?id=2640176,小麦粉-生物毒素-全部,小麦粉,粮食及其制品-->小麦粉,2.5kg/袋,2019-03-25,武陟县胖发祥百货有限公司三六零店,脱氧雪腐镰刀菌烯醇,≤1000μg/kg,3.51×10,,河南市场监管局,2019-03-25
中国监督抽查（食品伙伴网）,http://db.foodmate.net/choujian/gncj_show.php?id=2640143,小麦粉-生物毒素-全部,小麦粉（超级特精粉）,粮食及其制品-->小麦粉,2.5千克/袋,2019-03-27,宣城东威商贸有限公司,脱氧雪腐镰刀菌烯醇,≤1000μg/kg,1910μg/kg,,安徽市场监管局,2019-03-27
中国监督抽查（食品伙伴网）,http://db.foodmate.net/choujian/gncj_show.php?id=2647341,小麦粉-生物毒素-全部,小麦粉,粮食及其制品-->小麦粉,2.5kg/袋,2019-03-29,欢乐爱家超市有限公司遂平生活广场,脱氧雪腐镰刀菌烯醇,≤1000μg/kg,1.84×10,,河南市场监管局,2019-03-29
中国监督抽查（食品伙伴网）,http://db.foodmate.net/choujian/gncj_show.php?id=2647349,小麦粉-生物毒素-全部,小麦粉,粮食及其制品-->小麦粉,5kg/袋,2019-03-29,永城新地标商贸有限公司,脱氧雪腐镰刀菌烯醇,≤1000μg/kg,1.97×10,,河南市场监管局,2019-03-29
中国监督抽查（食品伙伴网）,http://db.foodmate.net/choujian/gncj_show.php?id=2647363,小麦粉-生物毒素-全部,小麦粉,粮食及其制品-->小麦粉,5kg/袋,2019-03-29,焦作大商超市发展有限公司,脱氧雪腐镰刀菌烯醇,1000μg/kg,2.08×10³μg/kg,,河南市场监管局,2019-03-29
中国监督抽查（食品伙伴网）,http://db.foodmate.net/choujian/gncj_show.php?id=2662386,小麦粉-生物毒素-全部,精制小麦粉,粮食及其制品-->小麦粉,5kg/袋,2019-04-04,洛阳王府井百货有限责任公司,脱氧雪腐镰刀菌烯醇,≤1000μg/kg,1.72×10,,河南市场监管局,2019-04-04
中国监督抽查（食品伙伴网）,http://db.foodmate.net/choujian/gncj_show.php?id=2662385,小麦粉-生物毒素-全部,精制小麦粉,粮食及其制品-->小麦粉,5kg/袋,2019-04-04,洛阳王府井百货有限责任公司,脱氧雪腐镰刀菌烯醇,≤1000μg/kg,1.35×10,,河南市场监管局,2019-04-04
中国监督抽查（食品伙伴网）,http://db.foodmate.net/choujian/gncj_show.php?id=2665248,小麦粉-生物毒素-全部,小麦粉(富强面粉),粮食及其制品-->小麦粉,2kg/袋,2019-04-10,苏果超市（滁州）有限公司,脱氧雪腐镰刀菌烯醇,≤1000μg/kg,1440μg/kg,,安徽市场监管局,2019-04-10
中国监督抽查（食品伙伴网）,http://db.foodmate.net/choujian/gncj_show.php?id=2681822,小麦粉-生物毒素-全部,小麦粉,粮食及其制品-->小麦粉,5kg/袋,2019-04-24,亳州市谯城区雪雪生活超市,脱氧雪腐镰刀菌烯醇,≤1000μg/kg,1360μg/kg,,安徽市场监管局,2019-04-24
中国监督抽查（食品伙伴网）,http://db.foodmate.net/choujian/gncj_show.php?id=2707191,小麦粉-生物毒素-全部,小麦粉,粮食及其制品-->小麦粉,2.5kg/袋,2019-05-22,长垣县新华莲超市,脱氧雪腐镰刀菌烯醇,≤1000μg/kg,2.09×10,,河南市场监管局,2019-05-22
中国监督抽查（食品伙伴网）,http://db.foodmate.net/choujian/gncj_show.php?id=2707207,小麦粉-生物毒素-全部,小麦粉,粮食及其制品-->小麦粉,5kg/袋,2019-05-22,阜南县华夏大润发商贸有限公司,脱氧雪腐镰刀菌烯醇,≤1000μg/kg,3000μg/kg,,安徽市场监管局,2019-05-22
中国监督抽查（食品伙伴网）,http://db.foodmate.net/choujian/gncj_show.php?id=2713579,小麦粉-生物毒素-全部,小麦粉,粮食及其制品-->小麦粉,5kg/袋,2019-05-29,永城新地标商贸有限公司,脱氧雪腐镰刀菌烯醇,≤1000μg/kg,1360μg/kg,,河南市场监管局,2019-05-29
中国监督抽查（食品伙伴网）,http://db.foodmate.net/choujian/gncj_show.php?id=2742349,小麦粉-生物毒素-全部,面包粉小麦粉,粮食及其制品-->小麦粉,1kg/袋,2019-06-12,上海家得利田林超市有限公司,脱氧雪腐镰刀菌烯醇,1000μg/kg,1220μg/kg,,上海市场监管局,2019-06-12
中国监督抽查（食品伙伴网）,http://db.foodmate.net/choujian/gncj_show.php?id=2742357,小麦粉-生物毒素-全部,特一粉（小麦粉）,粮食及其制品-->小麦粉,25kg/袋,2019-06-13,枣阳市先进面业有限责任公司,脱氧雪腐镰刀菌烯醇,≤1000μg/kg,1.41×10,,湖北市场监管局,2019-06-13
中国监督抽查（食品伙伴网）,http://db.foodmate.net/choujian/gncj_show.php?id=2745639,小麦粉-生物毒素-全部,宛龍雪花粉（小麦粉）,粮食及其制品-->小麦粉,2.5kg/包,2019-06-14,徐立会,脱氧雪腐镰刀菌烯醇,≤1000μg/kg,1.90×10,,重庆市场监管局,2019-06-14
中国监督抽查（食品伙伴网）,http://db.foodmate.net/choujian/gncj_show.php?id=2756444,小麦粉-生物毒素-全部,小麦粉,粮食及其制品-->小麦粉,2.5kg/袋,2019-06-21,绵阳高新区飞扬生活超市,脱氧雪腐镰刀菌烯醇,≤1000μg/kg,2363μg/kg,,四川市场监管局,2019-06-21
中国监督抽查（食品伙伴网）,http://db.foodmate.net/choujian/gncj_show.php?id=2852404,小麦粉-生物毒素-全部,自发小麦粉,粮食及其制品-->小麦粉,1kg/袋,2019-07-26,重庆市世兴泽商贸有限公司万州分公司,脱氧雪腐镰刀菌烯醇,≤1000μg/kg,2100μg/kg,,重庆市场监管局,2019-07-26
中国监督抽查（食品伙伴网）,http://db.foodmate.net/choujian/gncj_show.php?id=3047268,小麦粉-生物毒素-全部,即发面粉（自发小麦粉）,粮食及其制品-->小麦粉,重量:453克/袋；净含量:450克/袋,2019-09-27,梅州市昌大昌超级购物广场有限公司,脱氧雪腐镰刀菌烯醇,≤1000μg/kg,1.28×103μg/kg,,广东市场监管局,2019-09-27
中国监督抽查（食品伙伴网）,http://db.foodmate.net/choujian/gncj_show.php?id=3011870,小麦粉-生物毒素-全部,小麦粉,粮食及其制品-->小麦粉,10kg/袋,2019-10-18,壶关县利民绿色农付产品开发有限公司,赭曲霉毒素A,≤5.0μg/kg,11.1μg/kg,,山西市场监管局,2019-10-18
中国监督抽查（食品伙伴网）,http://db.foodmate.net/choujian/gncj_show.php?id=3006126,小麦粉-生物毒素-全部,元宝牌优质特精小麦粉,粮食及其制品-->小麦粉,2.5 千克/袋,2019-10-22,信阳市兴和超市有限公司,脱氧雪腐镰刀菌烯醇,≤1000μg/kg,1280μg/kg,,河南市场监管局,2019-10-22
中国监督抽查（食品伙伴网）,http://db.foodmate.net/choujian/gncj_show.php?id=2984020,小麦粉-生物毒素-全部,黑小麦粉,粮食及其制品-->小麦粉,1000g/袋,2019-10-31,新疆家乡好商贸（集团）有限公司伊宁市第一分公司,脱氧雪腐镰刀菌烯醇,≤1000μg/kg,1.53×10,,新疆市场监管局,2019-10-31
中国监督抽查（食品伙伴网）,http://db.foodmate.net/choujian/gncj_show.php?id=2984021,小麦粉-生物毒素-全部,黑小麦粉,粮食及其制品-->小麦粉,5kg/袋,2019-10-31,喀什市永盛超市阳光店,脱氧雪腐镰刀菌烯醇,≤1000μg/kg,1.57×10,,新疆市场监管局,2019-10-31
中国监督抽查（食品伙伴网）,http://db.foodmate.net/choujian/gncj_show.php?id=2942074,小麦粉-生物毒素-全部,小麦粉（馒头粉）,粮食及其制品-->小麦粉,2.5kg/袋,2019-11-19,永城新地标商贸有限公司,脱氧雪腐镰刀菌烯醇,≤1000μg/kg,2.19×10,,河南市场监管局,2019-11-19
中国监督抽查（食品伙伴网）,http://db.foodmate.net/choujian/gncj_show.php?id=2906356,小麦粉-生物毒素-全部,饺子用小麦粉,粮食及其制品-->小麦粉,2.5kg/袋,2019-12-04,永城新地标商贸有限公司,脱氧雪腐镰刀菌烯醇,≤1000μg/kg,2.44×10,,河南市场监管局,2019-12-04
中国监督抽查（食品伙伴网）,http://db.foodmate.net/choujian/gncj_show.php?id=3105830,小麦粉-生物毒素-全部,饺子用小麦粉,粮食及其制品-->小麦粉,2.5kg/袋 ,2019-12-04,永城新地标商贸有限公司 ,脱氧雪腐镰刀菌烯醇,≤1000μg/kg,2.44×10,,河南市场监管局,2019-12-04
中国监督抽查（食品伙伴网）,http://db.foodmate.net/choujian/gncj_show.php?id=2884769,小麦粉-生物毒素-全部,自发小麦粉,粮食及其制品-->小麦粉,2.25kg/袋,2019-12-12,天全县大地园购物广场,脱氧雪腐镰刀菌烯醇,≤1000μg/kg,1769μg/kg,,四川市场监管局,2019-12-12
中国监督抽查（食品伙伴网）,http://db.foodmate.net/choujian/gncj_show.php?id=3132069,小麦粉-生物毒素-全部,自发小麦粉,粮食及其制品-->小麦粉,2.25kg/袋 ,2019-12-12,天全县大地园购物广场 ,脱氧雪腐镰刀菌烯醇,≤1000μg/kg,1769μg/kg,,四川市场监管局,2019-12-12
中国监督抽查（食品伙伴网）,http://db.foodmate.net/choujian/gncj_show.php?id=2869222,小麦粉-生物毒素-全部,小麦粉（多用途麦芯粉）,粮食及其制品-->小麦粉,2.5kg/袋,2019-12-25,永城新地标商贸有限公司,脱氧雪腐镰刀菌烯醇,≤1000μg/kg,2.20×10³μg/kg,,河南市场监管局,2019-12-25
中国监督抽查（食品伙伴网）,http://db.foodmate.net/choujian/gncj_show.php?id=3182275,小麦粉-生物毒素-全部,小麦粉（多用途麦芯粉）,粮食及其制品-->小麦粉,2.5kg/袋 ,2019-12-25,永城新地标商贸有限公司 ,脱氧雪腐镰刀菌烯醇,≤1000μg/kg,2.20×10³μg/kg,,河南市场监管局,2019-12-25
中国监督抽查（食品伙伴网）,http://db.foodmate.net/choujian/gncj_show.php?id=3330849,小麦粉-生物毒素-全部,特制小麦粉,粮食及其制品-->小麦粉,2.5kg/袋 ,2020-02-18,杭州萧山新农都物流中心凯颖粮油经营部 ,脱氧雪腐镰刀菌烯醇,≤1000μg/kg,2930μg/kg,,浙江市场监管局,2020-02-18
中国监督抽查（食品伙伴网）,http://db.foodmate.net/choujian/gncj_show.php?id=3939182,小麦粉-生物毒素-全部,小麦粉,粮食及其制品-->小麦粉,5kg/袋 ,2020-11-13,洪洞县凯德隆商贸有限公司莲花城分公司 ,赭曲霉毒素A,≤5.0 μg/kg,6.5μg/kg,,山西市场监管局,2020-11-13
中国监督抽查（食品伙伴网）,http://db.foodmate.net/choujian/gncj_show.php?id=4013751,小麦粉-生物毒素-全部,小麦粉,粮食及其制品-->小麦粉,330ml/瓶 ,2020-11-27,运城市盐湖区东城卫红副食店 ,赭曲霉毒素A,≤5.0μg/kg,17μg/kg,,山西市场监管局,2020-11-27
中国监督抽查（食品伙伴网）,http://db.foodmate.net/choujian/gncj_show.php?id=4066385,小麦粉-生物毒素-全部,小麦粉,粮食及其制品-->小麦粉,2.5kg/袋 ,2020-12-11,洪洞县景晨购物有限公司 ,赭曲霉毒素A,≤5.0μg/kg,18.6μg/kg,,山西市场监管局,2020-12-11
